mat_rl,kohesi_kpa,sudut_geser_deg,unit_weight_kNm3,tinggi_disposal_m,osa_deg,fk
63.05,58.8,14.12,19.4,70,13,1.189
17.51,64,16.8,19.4,30,15,1.974
4.85,9.7,1,18.1,5,30,0.812
2.1,18.1,11.38,17.74,10,30,1.211
30,14.7,16.8,17.74,50,14,0.866
47.49,54,21.93,19.4,70,13,1.493
50,37.9,16.8,17.74,50,14,1.181
45.11,54.1,14.12,19.4,60,13,1.28
13.34,17.2,5.75,17.74,70,13,0.623
35.23,14.7,16,17.35,40,14,0.884
5.24,55.6,14.11,19.4,60,13,1.799
39.31,30.1,21.93,19.4,40,14,1.438
11.36,69.62,19.41,19.4,20,17,2.034
4.91,20.2,21.93,17.35,5,30,2.015
15.43,6.86,10.82,17.74,70,13,0.74
42.57,30,16.8,17.74,60,13,1.125
45.09,20.2,16.8,17.74,50,14,0.967
6.45,18.1,19.41,17.74,20,17,1.26
7.11,37.3,19.41,17.74,10,30,1.795
10,58.7,11.38,17.74,10,30,1.955
3.75,11.5,16.8,17.35,4,30,1.581
56.13,42,21.93,19.4,60,13,1.451
50,64.3,16.8,19.4,50,14,1.536
4,7.06,11.38,17.15,4,30,0.975
28.2,25.3,14.12,17.35,30,15,1.123
3,2.9,2.88,18.1,3,30,0.455
35.31,52.6,14.12,19.4,40,14,1.451
24.13,14.8,11.38,17.74,60,13,0.818
54.12,31.3,14.66,17.74,60,13,0.972
58.13,36.2,21.93,19.4,60,13,1.425
47.38,53.6,14.12,19.4,50,14,1.302
31.6,58.2,16.8,19.4,50,14,1.634
48.21,33.2,14.12,17.74,60,13,1.013
53.06,52,11.38,19.4,70,13,1.042
12.58,10.9,5.75,17.74,30,15,0.614
32.54,61.1,14.12,19.4,50,14,1.516
43.56,39.5,8.59,17.74,70,13,0.837
15.65,23.8,11.38,17.74,50,14,1.123
26.57,42.5,11.38,19.4,50,14,1.197
6.43,47.9,14.12,19.4,50,14,1.791
12.66,16.5,16.8,17.35,20,17,0.967
2.75,1.1,5.75,18.1,3,30,0.262
24.39,42.6,16.8,19.4,40,14,1.582
8.04,34,8.59,17.74,20,17,1.5
34.01,46.9,14.12,19.4,50,14,1.321
7.08,9,11.38,17.74,70,13,0.87
60,37,24.37,19.4,60,13,1.438
38.03,53.6,16.8,19.4,40,14,1.625
33.77,76,11.38,19.4,70,13,1.477
18.51,30,16.8,17.74,30,15,1.444
44.27,56.3,16.8,19.4,60,13,1.487
4,6.4,1,18.1,4,30,0.686
4.05,21.7,11.38,17.74,10,30,1.286
21.75,14,26,17.35,30,15,1.001
64.55,54.6,16.8,19.4,70,13,1.27
67.05,65,11.38,19.4,70,13,1.104
2.46,17,16.8,17.35,3,30,2.643
65.25,20.2,21.93,17.35,70,13,1.076
12.62,28.6,10.27,17.74,60,13,1.128
42.51,15.8,26.71,17.35,50,14,1.08
5.53,34.3,16.8,19.4,20,17,1.671
31.19,51.6,14.12,19.4,40,14,1.468
25.31,59.1,16.8,19.4,40,14,1.768
27.11,37,14.12,17.74,30,15,1.395
18.24,21.5,11.38,17.74,60,13,1.044
2.53,2.2,5.75,18.1,4,30,0.383
32.53,67.5,11.38,19.4,40,14,1.649
3,4.6,2.8,17,3,30,0.733
27.28,11.76,5.75,17.15,30,15,0.491
58.08,57.6,14.12,19.4,70,13,1.202
7.08,4.6,2.8,17,10,30,0.264
47.17,55.6,16.8,19.4,60,13,1.47
6.39,59.4,19.41,17.74,10,30,2.154
6.36,13.7,8.59,17.74,60,13,0.877
30,61.38,11,19.4,30,15,1.668
30,34,21.93,17.74,30,15,1.598
18.21,56.3,17.85,19.4,20,17,1.894
4.6,26.3,14.12,17.35,5,30,2.251
2.63,13,14.12,17.35,3,30,2.137
56.52,44,16.8,19.4,70,13,1.214
35.23,12.55,13.58,17.74,70,13,0.765
50,26.3,14.12,17.35,50,14,0.904
29.4,9.7,1,18.1,30,15,0.24
59.1,50,16.8,19.4,60,13,1.281
16.17,56.3,11.38,19.4,20,17,1.863
53.47,68.8,26.71,19.4,60,13,1.554
43.37,59,5.75,19.4,70,13,0.873
46.25,55.6,15.12,19.4,50,14,1.38
15.36,13.4,14.12,17.74,30,15,0.788
42.51,65.8,13.58,19.4,50,14,1.453
54.5,80,5.75,19.4,70,13,1.022
2.61,26,16.8,17.74,20,17,1.688
5,12.45,8.59,17.15,5,30,1.224
55.05,61,11.38,19.4,70,13,1.114
9.37,16.3,5.75,17.74,30,15,0.775
30,28.1,11.38,17.35,30,15,1.043
47.53,29.42,19,17.74,50,14,1.18
20,62.7,16.8,19.4,20,17,1.961
13.46,36.4,16.8,19.4,40,14,1.796
65.53,57.2,11.38,19.4,70,13,1.037
16.25,24,14.12,17.74,40,14,1.222
18.22,17.5,16.8,17.35,20,17,1.01
2.63,15.8,26.71,17.35,3,30,2.642
2.37,16,20,17.35,4,30,2.266
43.18,62.4,14.2,19.4,60,13,1.386
30,14.7,8.59,17.74,60,13,0.63
4,14,26,17.35,4,30,1.952
33.26,64,11.38,19.4,50,14,1.399
5.27,17,12.88,17.35,10,30,1.1
23.53,16.2,5.75,17.74,70,13,0.55
40,14,27,17.35,40,14,1.019
3,15,13.8,17.35,3,30,2.321
3.01,61.5,15.2,19.4,30,15,2.208
4.5,16.2,11.38,17.35,5,30,1.62
23.16,60.1,14.12,19.4,30,15,1.849
7.23,54.5,11.28,19.4,30,15,1.883
12.48,14.5,19.41,17.74,40,14,0.924
10,60,14.11,19.4,60,13,1.758
40,35,14.12,17.74,50,14,1.089
2.52,14.7,16,17.35,4,30,2.01
5.61,14,11.38,17.74,10,30,0.905
21.69,2.2,5.75,18.1,30,15,0.179
15.07,8.92,2.8,17,30,15,0.366
27.18,50.6,14.12,19.4,40,14,1.507
3.12,12,14.12,17.74,30,15,1.108
32.57,27.4,8.59,17.74,40,14,0.829
7.18,6.5,8.59,18.1,10,30,0.466
16.2,31,14.12,17.74,20,17,1.434
3.1,51.28,16.8,19.4,40,14,2.103
34.67,56.6,16.8,19.4,40,14,1.683
15.35,59.2,16.8,19.4,60,13,1.74
14.31,54.91,16.8,19.4,20,17,1.873
64.05,56.6,14.12,19.4,70,13,1.165
5,17,12.88,17.35,5,30,1.682
12.47,51.68,11.38,19.4,20,17,1.801
22.34,49.6,14.12,19.4,40,14,1.569
50,38.9,16.8,17.74,70,13,1.17
37.44,58.6,14.12,19.4,40,14,1.525
30,58.2,14.12,19.4,50,14,1.507
17.15,58.8,11.38,19.4,20,17,1.894
36.45,29.6,10.27,17.74,60,13,0.878
23.47,45,16.8,19.4,70,13,1.587
36.61,41.5,11.38,19.4,50,14,1.087
20,7.6,5.75,18.1,40,15,0.383
47.32,39.7,9.15,17.74,70,13,0.849
45.02,47.7,16.8,19.4,50,14,1.378
35.79,29.6,16.8,17.74,50,14,1.198
49.23,49.1,15.74,19.4,50,14,1.319
27.33,67,14.12,19.4,70,13,1.55
9.18,35,11.38,17.74,10,30,1.553
29.15,60.6,14.12,19.4,40,14,1.694
63.6,42.8,14.12,17.74,70,13,1.013
37.45,53,8.59,19.4,70,13,0.991
5,8.92,2.8,17,5,30,0.823
42.23,54.9,16.8,19.4,60,13,1.497
13.22,44.12,16.8,19.4,20,17,1.724
57.18,66.6,16.8,19.4,60,13,1.453
7.61,13,14.12,17.35,10,30,0.863
54.01,44.9,8.59,19.4,70,13,0.86
10,9.21,6.89,17.74,50,14,0.493
4,4.8,2.8,17,4,30,0.581
37.41,16,20,17.35,40,14,0.969
8.29,17,8.59,17.74,40,14,0.962
41.5,63.8,13.58,19.4,50,14,1.437
3.15,13,19.41,17.35,5,30,1.63
36.39,66.5,11.38,19.4,40,14,1.517
4.96,25.3,14.12,17.35,5,30,2.186
50,58,11.38,19.4,70,13,1.109
21.77,21,16.8,17.74,30,15,1.09
65.02,61.32,14.12,19.4,70,13,1.204
27.42,44.8,11.38,17.74,70,13,1.191
70,55.6,14.12,19.4,70,13,1.132
59.06,54.5,15.12,19.4,70,13,1.215
48.13,69,14.12,19.4,60,13,1.466
58.56,45.5,14.12,19.4,70,13,1.083
19.1,58.2,17.85,19.4,20,17,1.916
4.76,8.13,2.8,17,5,30,0.76
2.74,14,27,17.35,3,30,2.472
8.19,38,16.8,17.74,10,30,1.731
48.58,12.8,18.37,17.35,50,14,0.807
27.47,63.74,12.49,19.4,30,15,1.815
60,43.8,14.12,17.74,60,13,1.06
30,55.4,16.8,19.4,60,13,1.593
60,27.3,14.12,17.35,60,13,0.859
53.58,56,5.75,19.4,70,13,0.811
52.54,72,21.93,19.4,60,13,1.524
33.52,59.6,14.12,19.4,40,14,1.642
23.1,35.4,16.8,19.4,40,14,1.538
28.06,31.2,14.12,17.74,40,14,1.202
10,6.5,2.8,18.1,10,30,0.309
21.07,60.1,16.8,19.4,40,14,1.818
4.81,27.3,14.12,17.35,5,30,2.277
18.15,1.1,5.75,18.1,20,17,0.128
16.19,45.3,21.98,19.4,50,14,1.854
4.53,6.5,2.8,18.1,5,30,0.593
67.51,64.8,13.58,19.4,70,13,1.202
66.09,59.2,14.12,19.4,70,13,1.182
59.53,55.3,16.8,19.4,70,13,1.302
17.31,16.57,16.8,17.74,70,13,0.967
55.02,50.1,21.93,19.4,60,13,1.474
16.09,15.2,11.38,17.35,20,17,0.822
20,15.8,11.38,17.74,50,14,0.84
5.66,2.9,2.88,18.1,10,30,0.199
13.53,53,11.38,19.4,70,13,1.394
67.08,38.7,9.15,17.74,70,13,0.78
10,4.8,2.8,17,10,30,0.248
30,52.6,16.8,19.4,40,14,1.693
5.27,5,5.75,17,20,17,0.377
25.12,55.3,11.38,19.4,60,13,1.326
37.32,34,14.12,17.74,70,13,1.118
40,66,11.38,19.4,50,14,1.363
66.55,62.1,14.12,19.4,70,13,1.208
49.18,53.4,16.8,19.4,60,13,1.37
6.53,11.6,19.41,17.74,30,15,0.963
4.07,29.7,8.59,17.74,20,17,1.47
2.8,15.2,11.38,17.35,3,30,2.351
33.33,29.1,11.38,17.35,40,14,0.974
5.25,48,19.41,19.4,70,13,1.775
53.6,37.7,11.38,17.74,70,13,0.896
50,43,16.8,19.4,60,13,1.246
68.04,66.4,14.12,19.4,70,13,1.242
63.53,54.6,14.12,19.4,70,13,1.148
10,15,13.8,17.35,10,30,0.853
57.59,42.8,14.12,19.4,70,13,1.065
69.55,48.7,16.8,19.4,70,13,1.198
15.19,7.06,11.38,17.15,20,17,0.475
28.07,65.5,11.38,19.4,40,14,1.574
56.06,40.2,16.8,19.4,70,13,1.177
51.69,79,11.38,19.4,60,13,1.36
4.87,28.1,11.38,17.35,5,30,2.285
10,18,16.8,17.74,20,17,1.025
20,8,16.8,17.74,40,14,0.594
20,32,14.12,17.74,20,17,1.41
40,24.5,14.12,17.74,40,14,0.957
12.08,34,14.12,17.74,20,17,1.527
48.46,49.1,16.3,19.4,50,14,1.35
2.9,16.5,16.8,17.35,3,30,2.543
26.37,61.6,14.12,19.4,40,14,1.726
3.16,15.69,8.02,17.74,70,13,0.858
17.27,57,21.93,19.4,70,13,1.717
2.52,17.5,16.8,17.35,5,30,1.987
37.16,57.2,14.12,19.4,50,14,1.419
57.65,27.4,16.8,17.74,70,13,1.013
55.5,50,21.93,19.4,70,13,1.436
57.07,43.5,8.4,19.4,70,13,0.825
41.59,59.8,14.12,19.4,60,13,1.365
35.08,49.8,11.38,19.4,60,13,1.168
20,49.7,16.8,19.4,60,13,1.677
20,16.2,11.38,17.35,20,17,0.811
10,12.45,8.59,17.15,10,30,0.663
20,43.6,16.8,19.4,40,14,1.686
18.08,29,16.8,17.74,20,17,1.413
36.42,36.7,11.38,17.74,40,14,1.081
4.47,16.7,8.59,17.74,40,14,1.035
40,54.1,11.38,19.4,60,13,1.169
23.39,8.13,2.8,17,30,15,0.304
3.75,5,5.75,17,4,30,0.663
39.13,63.1,14.12,19.4,50,14,1.472
2.51,12.8,18.37,17.35,3,30,2.222
60,62.4,14.12,19.4,70,13,1.23
13.09,6.4,1,18.1,20,17,0.244
24.54,11.5,16.8,17.35,30,15,0.734
1.49,23,14.12,17.74,10,30,1.525
44.41,58.7,16.8,19.4,50,14,1.555
38.08,60.2,16.8,19.4,50,14,1.59
46.02,62.8,11.38,19.4,60,13,1.226
15.15,52.17,11.38,19.4,20,17,1.808
69.02,53.5,15.12,19.4,70,13,1.166
40,61.3,14.12,19.4,40,14,1.54
3.15,6.5,8.59,18.1,5,30,0.775
43.59,67.4,14.12,19.4,50,14,1.492
10,41.8,16.5,19.4,20,17,1.683
33.75,22.5,11.38,17.74,70,13,0.856
5,7.6,5.75,18.1,5,30,0.731
24.09,25,14.12,17.74,40,14,1.172
3.38,13,19.41,17.35,10,30,1.227
35.41,44.3,21.98,19.4,50,14,1.633
3.27,40,8.59,17.74,10,30,1.812
24.39,40.9,14.12,17.74,30,15,1.518
14.25,21,8.59,17.74,20,17,1.002
54.41,47.66,16,19.4,60,13,1.241
4.78,11.76,5.75,17.15,5,30,1.123
30,17,16.8,17.35,60,13,1.009
25.35,41.1,11.38,17.74,50,14,1.223
68.52,57.7,16.8,19.4,70,13,1.284
13.21,62.8,14.21,19.4,30,15,1.952
4.78,29.1,11.38,17.35,5,30,2.327
70,40.2,19.41,17.74,70,13,1.18
